time_sec,number_of_times_played,score,difficulty_level,difficulty_level_encoded,needs_intervention,recommendation
162,4,81,Hard,1,Yes,Focus on patience and persistence.
239,1,91,Hard,1,No,Celebrate achievements and set personal growth goals.
152,5,87,Medium,2,Yes,Focus on patience and persistence.
74,5,81,Easy,0,Yes,Focus on patience and persistence.
166,2,41,Medium,2,Yes,Reflect on mistakes calmly and maintain a growth mindset.
131,5,68,Easy,0,Yes,Focus on patience and persistence.
248,2,31,Hard,1,Yes,Practice deep breathing and pacing yourself. Reflect on mistakes calmly and maintain a growth mindset.
80,1,32,Easy,0,Yes,Reflect on mistakes calmly and maintain a growth mindset.
162,4,85,Easy,0,Yes,Focus on patience and persistence.
181,4,88,Easy,0,Yes,Focus on patience and persistence.
270,4,31,Hard,1,Yes,Practice deep breathing and pacing yourself. Focus on patience and persistence. Reflect on mistakes calmly and maintain a growth mindset.
274,5,31,Hard,1,Yes,Practice deep breathing and pacing yourself. Focus on patience and persistence. Reflect on mistakes calmly and maintain a growth mindset.
134,1,83,Easy,0,No,Celebrate achievements and set personal growth goals.
262,5,30,Easy,0,Yes,Practice deep breathing and pacing yourself. Focus on patience and persistence. Reflect on mistakes calmly and maintain a growth mindset.
147,5,48,Medium,2,Yes,Focus on patience and persistence. Reflect on mistakes calmly and maintain a growth mindset.
176,1,31,Easy,0,Yes,Reflect on mistakes calmly and maintain a growth mindset.
159,1,82,Medium,2,No,Celebrate achievements and set personal growth goals.
163,1,73,Easy,0,No,"Stay mindful, balanced, and focused on your routine."
211,1,61,Medium,2,No,"Stay mindful, balanced, and focused on your routine."
190,4,99,Hard,1,Yes,Focus on patience and persistence.
209,3,61,Easy,0,No,"Stay mindful, balanced, and focused on your routine."
112,3,97,Easy,0,No,Celebrate achievements and set personal growth goals.
61,1,84,Easy,0,No,Celebrate achievements and set personal growth goals.
147,3,85,Easy,0,No,Celebrate achievements and set personal growth goals.
295,3,46,Medium,2,Yes,Practice deep breathing and pacing yourself. Reflect on mistakes calmly and maintain a growth mindset.
217,1,67,Easy,0,No,"Stay mindful, balanced, and focused on your routine."
97,3,53,Hard,1,Yes,Reflect on mistakes calmly and maintain a growth mindset.
189,5,98,Hard,1,Yes,Focus on patience and persistence.
251,2,99,Easy,0,Yes,Practice deep breathing and pacing yourself.
247,2,40,Hard,1,Yes,Practice deep breathing and pacing yourself. Reflect on mistakes calmly and maintain a growth mindset.
80,1,45,Easy,0,Yes,Reflect on mistakes calmly and maintain a growth mindset.
220,4,88,Easy,0,Yes,Focus on patience and persistence.
263,1,99,Hard,1,Yes,Practice deep breathing and pacing yourself.
117,4,32,Easy,0,Yes,Focus on patience and persistence. Reflect on mistakes calmly and maintain a growth mindset.
81,2,49,Hard,1,Yes,Reflect on mistakes calmly and maintain a growth mindset.
295,1,88,Medium,2,Yes,Practice deep breathing and pacing yourself.
148,5,65,Easy,0,Yes,Focus on patience and persistence.
108,3,48,Medium,2,Yes,Reflect on mistakes calmly and maintain a growth mindset.
278,4,96,Hard,1,Yes,Practice deep breathing and pacing yourself. Focus on patience and persistence.
118,3,48,Medium,2,Yes,Reflect on mistakes calmly and maintain a growth mindset.
229,3,49,Medium,2,Yes,Reflect on mistakes calmly and maintain a growth mindset.
279,1,81,Hard,1,Yes,Practice deep breathing and pacing yourself.
247,3,62,Medium,2,Yes,Practice deep breathing and pacing yourself.
267,5,69,Medium,2,Yes,Practice deep breathing and pacing yourself. Focus on patience and persistence.
74,3,68,Hard,1,No,"Stay mindful, balanced, and focused on your routine."
249,1,30,Medium,2,Yes,Practice deep breathing and pacing yourself. Reflect on mistakes calmly and maintain a growth mindset.
249,5,40,Hard,1,Yes,Practice deep breathing and pacing yourself. Focus on patience and persistence. Reflect on mistakes calmly and maintain a growth mindset.
234,2,86,Medium,2,No,Celebrate achievements and set personal growth goals.
249,3,79,Hard,1,Yes,Practice deep breathing and pacing yourself.
110,1,52,Hard,1,Yes,Reflect on mistakes calmly and maintain a growth mindset.
167,2,60,Medium,2,No,"Stay mindful, balanced, and focused on your routine."
114,2,71,Medium,2,No,"Stay mindful, balanced, and focused on your routine."
123,4,36,Medium,2,Yes,Focus on patience and persistence. Reflect on mistakes calmly and maintain a growth mindset.
190,5,45,Easy,0,Yes,Focus on patience and persistence. Reflect on mistakes calmly and maintain a growth mindset.
288,3,89,Easy,0,Yes,Practice deep breathing and pacing yourself.
110,1,31,Easy,0,Yes,Reflect on mistakes calmly and maintain a growth mindset.
194,4,30,Hard,1,Yes,Focus on patience and persistence. Reflect on mistakes calmly and maintain a growth mindset.
80,5,77,Medium,2,Yes,Focus on patience and persistence.
132,4,41,Hard,1,Yes,Focus on patience and persistence. Reflect on mistakes calmly and maintain a growth mindset.
226,5,98,Easy,0,Yes,Focus on patience and persistence.
77,5,66,Medium,2,Yes,Focus on patience and persistence.
191,3,61,Hard,1,No,"Stay mindful, balanced, and focused on your routine."
148,5,38,Medium,2,Yes,Focus on patience and persistence. Reflect on mistakes calmly and maintain a growth mindset.
119,4,48,Hard,1,Yes,Focus on patience and persistence. Reflect on mistakes calmly and maintain a growth mindset.
73,5,77,Medium,2,Yes,Focus on patience and persistence.
68,3,32,Easy,0,Yes,Reflect on mistakes calmly and maintain a growth mindset.
149,3,49,Easy,0,Yes,Reflect on mistakes calmly and maintain a growth mindset.
112,4,53,Medium,2,Yes,Focus on patience and persistence. Reflect on mistakes calmly and maintain a growth mindset.
189,2,83,Hard,1,No,Celebrate achievements and set personal growth goals.
143,2,62,Easy,0,No,"Stay mindful, balanced, and focused on your routine."
151,5,53,Easy,0,Yes,Focus on patience and persistence. Reflect on mistakes calmly and maintain a growth mindset.
170,1,65,Easy,0,No,"Stay mindful, balanced, and focused on your routine."
247,5,67,Medium,2,Yes,Practice deep breathing and pacing yourself. Focus on patience and persistence.
258,4,54,Medium,2,Yes,Practice deep breathing and pacing yourself. Focus on patience and persistence. Reflect on mistakes calmly and maintain a growth mindset.
231,4,47,Hard,1,Yes,Focus on patience and persistence. Reflect on mistakes calmly and maintain a growth mindset.
67,4,95,Hard,1,Yes,Focus on patience and persistence.
234,4,83,Hard,1,Yes,Focus on patience and persistence.
94,4,64,Medium,2,Yes,Focus on patience and persistence.
265,3,90,Medium,2,Yes,Practice deep breathing and pacing yourself.
140,2,70,Hard,1,No,"Stay mindful, balanced, and focused on your routine."
223,4,62,Hard,1,Yes,Focus on patience and persistence.
109,1,97,Medium,2,No,Celebrate achievements and set personal growth goals.
163,1,62,Hard,1,No,"Stay mindful, balanced, and focused on your routine."
191,1,43,Easy,0,Yes,Reflect on mistakes calmly and maintain a growth mindset.
61,1,50,Medium,2,Yes,Reflect on mistakes calmly and maintain a growth mindset.
193,3,77,Hard,1,No,"Stay mindful, balanced, and focused on your routine."
113,1,49,Medium,2,Yes,Reflect on mistakes calmly and maintain a growth mindset.
165,4,37,Easy,0,Yes,Focus on patience and persistence. Reflect on mistakes calmly and maintain a growth mindset.
63,5,36,Medium,2,Yes,Focus on patience and persistence. Reflect on mistakes calmly and maintain a growth mindset.
113,1,96,Medium,2,No,Celebrate achievements and set personal growth goals.
280,3,46,Medium,2,Yes,Practice deep breathing and pacing yourself. Reflect on mistakes calmly and maintain a growth mindset.
250,3,62,Medium,2,Yes,Practice deep breathing and pacing yourself.
205,1,77,Easy,0,No,"Stay mindful, balanced, and focused on your routine."
277,5,88,Medium,2,Yes,Practice deep breathing and pacing yourself. Focus on patience and persistence.
103,1,51,Medium,2,Yes,Reflect on mistakes calmly and maintain a growth mindset.
221,3,59,Hard,1,Yes,Reflect on mistakes calmly and maintain a growth mindset.
261,2,67,Medium,2,Yes,Practice deep breathing and pacing yourself.
249,4,80,Hard,1,Yes,Practice deep breathing and pacing yourself. Focus on patience and persistence.
287,3,83,Easy,0,Yes,Practice deep breathing and pacing yourself.
73,1,37,Easy,0,Yes,Reflect on mistakes calmly and maintain a growth mindset.
